[
  {
    "time": "2025-09-12T16:19:45.725Z",
    "user": "ditss.",
    "no": "6281513607731@s.whatsapp.net",
    "name": "ReferenceError",
    "message": "runtime is not defined",
    "stack": "ReferenceError: runtime is not defined\n    at default (file:///home/container/WhatsApp.js:325:38)\n    at process.processTicksAndRejections (node:internal/process/task_queues:95:5)"
  },
  {
    "time": "2025-09-12T16:20:08.057Z",
    "user": "ditss.",
    "no": "6281513607731@s.whatsapp.net",
    "name": "ReferenceError",
    "message": "runtime is not defined",
    "stack": "ReferenceError: runtime is not defined\n    at default (file:///home/container/WhatsApp.js:325:38)\n    at process.processTicksAndRejections (node:internal/process/task_queues:95:5)"
  },
  {
    "time": "2025-09-12T16:23:54.923Z",
    "user": "ditss.",
    "no": "6281513607731@s.whatsapp.net",
    "name": "TypeError",
    "message": "Cannot read properties of undefined (reading 'users')",
    "stack": "TypeError: Cannot read properties of undefined (reading 'users')\n    at default (file:///home/container/WhatsApp.js:328:45)\n    at process.processTicksAndRejections (node:internal/process/task_queues:95:5)"
  },
  {
    "time": "2025-09-12T16:26:03.190Z",
    "user": "ditss.",
    "no": "6281513607731@s.whatsapp.net",
    "name": "TypeError",
    "message": "Cannot read properties of undefined (reading 'users')",
    "stack": "TypeError: Cannot read properties of undefined (reading 'users')\n    at default (file:///home/container/WhatsApp.js:328:45)\n    at process.processTicksAndRejections (node:internal/process/task_queues:95:5)"
  },
  {
    "time": "2025-09-12T16:26:28.417Z",
    "user": "ditss.",
    "no": "6281513607731@s.whatsapp.net",
    "name": "TypeError",
    "message": "Cannot read properties of undefined (reading 'self')",
    "stack": "TypeError: Cannot read properties of undefined (reading 'self')\n    at default (file:///home/container/WhatsApp.js:329:23)\n    at process.processTicksAndRejections (node:internal/process/task_queues:95:5)"
  },
  {
    "time": "2025-09-12T16:38:59.362Z",
    "user": "ditss.",
    "no": "6281513607731@s.whatsapp.net",
    "name": "TypeError",
    "message": "Cannot read properties of undefined (reading 'self')",
    "stack": "TypeError: Cannot read properties of undefined (reading 'self')\n    at default (file:///home/container/WhatsApp.js:329:23)\n    at process.processTicksAndRejections (node:internal/process/task_queues:95:5)"
  },
  {
    "time": "2025-09-12T17:03:16.822Z",
    "user": "ditss.",
    "no": "6281513607731@s.whatsapp.net",
    "name": "TypeError",
    "message": "Cannot read properties of undefined (reading 'set')",
    "stack": "TypeError: Cannot read properties of undefined (reading 'set')\n    at default (file:///home/container/WhatsApp.js:324:39)\n    at process.processTicksAndRejections (node:internal/process/task_queues:95:5)"
  },
  {
    "time": "2025-09-12T17:06:07.151Z",
    "user": "ditss.",
    "no": "6281513607731@s.whatsapp.net",
    "name": "TypeError",
    "message": "Cannot read properties of undefined (reading 'set')",
    "stack": "TypeError: Cannot read properties of undefined (reading 'set')\n    at default (file:///home/container/WhatsApp.js:324:39)\n    at process.processTicksAndRejections (node:internal/process/task_queues:95:5)"
  },
  {
    "time": "2025-09-13T10:48:09.842Z",
    "user": "ditss.",
    "no": "6281513607731@s.whatsapp.net",
    "name": "ReferenceError",
    "message": "similarity is not defined",
    "stack": "ReferenceError: similarity is not defined\n    at default (file:///home/container/WhatsApp.js:316:3)\n    at process.processTicksAndRejections (node:internal/process/task_queues:95:5)"
  },
  {
    "time": "2025-09-13T11:03:02.034Z",
    "user": "ditss.",
    "no": "6281513607731@s.whatsapp.net",
    "name": "ReferenceError",
    "message": "randomNomor is not defined",
    "stack": "ReferenceError: randomNomor is not defined\n    at default (file:///home/container/WhatsApp.js:313:32)\n    at process.processTicksAndRejections (node:internal/process/task_queues:95:5)"
  },
  {
    "time": "2025-09-13T11:04:24.283Z",
    "user": "ditss.",
    "no": "6281513607731@s.whatsapp.net",
    "name": "ReferenceError",
    "message": "JwbTrue is not defined",
    "stack": "ReferenceError: JwbTrue is not defined\n    at default (file:///home/container/WhatsApp.js:323:5)\n    at process.processTicksAndRejections (node:internal/process/task_queues:95:5)"
  },
  {
    "time": "2025-09-13T11:05:59.455Z",
    "user": "ditss.",
    "no": "6281513607731@s.whatsapp.net",
    "name": "ReferenceError",
    "message": "waktuHabis is not defined",
    "stack": "ReferenceError: waktuHabis is not defined\n    at default (file:///home/container/WhatsApp.js:318:5)\n    at process.processTicksAndRejections (node:internal/process/task_queues:95:5)"
  },
  {
    "time": "2025-09-13T11:07:13.732Z",
    "user": "ditss.",
    "no": "6281513607731@s.whatsapp.net",
    "name": "TypeError",
    "message": "Cannot read properties of undefined (reading 'web')",
    "stack": "TypeError: Cannot read properties of undefined (reading 'web')\n    at waktuHabis (file:///home/container/WhatsApp.js:227:38)\n    at default (file:///home/container/WhatsApp.js:336:5)\n    at process.processTicksAndRejections (node:internal/process/task_queues:95:5)"
  },
  {
    "time": "2025-09-13T11:07:15.334Z",
    "user": "ditss.",
    "no": "6281513607731@s.whatsapp.net",
    "name": "TypeError",
    "message": "Cannot read properties of undefined (reading 'web')",
    "stack": "TypeError: Cannot read properties of undefined (reading 'web')\n    at waktuHabis (file:///home/container/WhatsApp.js:227:38)\n    at default (file:///home/container/WhatsApp.js:336:5)\n    at process.processTicksAndRejections (node:internal/process/task_queues:95:5)"
  },
  {
    "time": "2025-09-13T17:21:50.486Z",
    "user": "ditss.",
    "no": "6281513607731@s.whatsapp.net",
    "name": "Error",
    "message": "Connection Closed",
    "stack": "Error: Connection Closed\n    at sendRawMessage (/home/container/node_modules/@whiskeysockets/baileys/lib/Socket/socket.js:57:19)\n    at sendNode (/home/container/node_modules/@whiskeysockets/baileys/lib/Socket/socket.js:76:16)\n    at query (/home/container/node_modules/@whiskeysockets/baileys/lib/Socket/socket.js:142:13)\n    at Object.executeUSyncQuery (/home/container/node_modules/@whiskeysockets/baileys/lib/Socket/usync.js:62:30)\n    at getUSyncDevices (/home/container/node_modules/@whiskeysockets/baileys/lib/Socket/messages-send.js:148:35)\n    at /home/container/node_modules/@whiskeysockets/baileys/lib/Socket/messages-send.js:413:57\n    at Object.transaction (/home/container/node_modules/@whiskeysockets/baileys/lib/Utils/auth-utils.js:135:32)\n    at relayMessage (/home/container/node_modules/@whiskeysockets/baileys/lib/Socket/messages-send.js:297:30)\n    at Object.sendMessage (/home/container/node_modules/@whiskeysockets/baileys/lib/Socket/messages-send.js:861:23)\n    at async default (file:///home/container/WhatsApp.js:991:9)"
  },
  {
    "time": "2025-09-13T21:29:47.036Z",
    "user": "ditss.",
    "no": "6281513607731@s.whatsapp.net",
    "name": "TypeError",
    "message": "Cannot read properties of undefined (reading '0')",
    "stack": "TypeError: Cannot read properties of undefined (reading '0')\n    at default (file:///home/container/WhatsApp.js:725:20)\n    at process.processTicksAndRejections (node:internal/process/task_queues:95:5)"
  },
  {
    "time": "2025-09-13T21:39:01.001Z",
    "user": "ditss.",
    "no": "6281513607731@s.whatsapp.net",
    "name": "TypeError",
    "message": "Cannot read properties of undefined (reading 'filter')",
    "stack": "TypeError: Cannot read properties of undefined (reading 'filter')\n    at revealAllAnswers (file:///home/container/WhatsApp.js:290:38)\n    at default (file:///home/container/WhatsApp.js:687:11)\n    at process.processTicksAndRejections (node:internal/process/task_queues:95:5)"
  },
  {
    "time": "2025-09-13T21:40:44.634Z",
    "user": "ditss.",
    "no": "6281513607731@s.whatsapp.net",
    "name": "TypeError",
    "message": "Cannot read properties of undefined (reading '0')",
    "stack": "TypeError: Cannot read properties of undefined (reading '0')\n    at default (file:///home/container/WhatsApp.js:724:24)\n    at process.processTicksAndRejections (node:internal/process/task_queues:95:5)"
  },
  {
    "time": "2025-09-13T21:48:46.040Z",
    "user": "ditss.",
    "no": "6281513607731@s.whatsapp.net",
    "name": "TypeError",
    "message": "Cannot read properties of undefined (reading 'filter')",
    "stack": "TypeError: Cannot read properties of undefined (reading 'filter')\n    at revealAllAnswers (file:///home/container/WhatsApp.js:290:38)\n    at default (file:///home/container/WhatsApp.js:687:11)\n    at process.processTicksAndRejections (node:internal/process/task_queues:95:5)"
  },
  {
    "time": "2025-09-13T21:48:55.992Z",
    "user": "ditss.",
    "no": "6281513607731@s.whatsapp.net",
    "name": "TypeError",
    "message": "Cannot read properties of undefined (reading 'filter')",
    "stack": "TypeError: Cannot read properties of undefined (reading 'filter')\n    at revealAllAnswers (file:///home/container/WhatsApp.js:290:38)\n    at default (file:///home/container/WhatsApp.js:687:11)\n    at process.processTicksAndRejections (node:internal/process/task_queues:95:5)"
  },
  {
    "time": "2025-09-13T21:50:47.512Z",
    "user": "ditss.",
    "no": "6281513607731@s.whatsapp.net",
    "name": "TypeError",
    "message": "Cannot read properties of undefined (reading 'filter')",
    "stack": "TypeError: Cannot read properties of undefined (reading 'filter')\n    at revealAllAnswers (file:///home/container/WhatsApp.js:290:38)\n    at default (file:///home/container/WhatsApp.js:687:11)\n    at process.processTicksAndRejections (node:internal/process/task_queues:95:5)"
  },
  {
    "time": "2025-09-14T07:44:53.230Z",
    "user": "ditss.",
    "no": "6281513607731@s.whatsapp.net",
    "name": "TypeError",
    "message": "Cannot read properties of undefined (reading 'filter')",
    "stack": "TypeError: Cannot read properties of undefined (reading 'filter')\n    at revealAllAnswers (file:///home/container/WhatsApp.js:290:38)\n    at default (file:///home/container/WhatsApp.js:687:11)\n    at process.processTicksAndRejections (node:internal/process/task_queues:95:5)"
  },
  {
    "time": "2025-09-15T04:03:26.982Z",
    "user": "k'",
    "no": "6281938877736@s.whatsapp.net",
    "name": "Error",
    "message": "Gagal mengambil buffer dari URL: Request failed with status code 500",
    "stack": "Error: Gagal mengambil buffer dari URL: Request failed with status code 500\n    at getBuffer (file:///home/container/lib/fetchBuffer.js:37:11)\n    at process.processTicksAndRejections (node:internal/process/task_queues:95:5)\n    at async default (file:///home/container/WhatsApp.js:156:17)"
  },
  {
    "time": "2025-09-15T04:03:28.369Z",
    "user": "k'",
    "no": "6281938877736@s.whatsapp.net",
    "name": "Error",
    "message": "Gagal mengambil buffer dari URL: Request failed with status code 500",
    "stack": "Error: Gagal mengambil buffer dari URL: Request failed with status code 500\n    at getBuffer (file:///home/container/lib/fetchBuffer.js:37:11)\n    at process.processTicksAndRejections (node:internal/process/task_queues:95:5)\n    at async default (file:///home/container/WhatsApp.js:156:17)"
  },
  {
    "time": "2025-09-15T04:04:55.096Z",
    "user": "k'",
    "no": "6281938877736@s.whatsapp.net",
    "name": "Error",
    "message": "Gagal mengambil buffer dari URL: Request failed with status code 500",
    "stack": "Error: Gagal mengambil buffer dari URL: Request failed with status code 500\n    at getBuffer (file:///home/container/lib/fetchBuffer.js:37:11)\n    at process.processTicksAndRejections (node:internal/process/task_queues:95:5)\n    at async default (file:///home/container/WhatsApp.js:156:17)"
  },
  {
    "time": "2025-09-15T04:42:43.371Z",
    "user": "ikii",
    "no": "6285659456346@s.whatsapp.net",
    "name": "Error",
    "message": "Gagal mengambil buffer dari URL: Request failed with status code 500",
    "stack": "Error: Gagal mengambil buffer dari URL: Request failed with status code 500\n    at getBuffer (file:///home/container/lib/fetchBuffer.js:37:11)\n    at process.processTicksAndRejections (node:internal/process/task_queues:95:5)\n    at async default (file:///home/container/WhatsApp.js:156:17)"
  },
  {
    "time": "2025-09-15T04:42:57.568Z",
    "user": "ikii",
    "no": "6285659456346@s.whatsapp.net",
    "name": "Error",
    "message": "Gagal mengambil buffer dari URL: Request failed with status code 500",
    "stack": "Error: Gagal mengambil buffer dari URL: Request failed with status code 500\n    at getBuffer (file:///home/container/lib/fetchBuffer.js:37:11)\n    at process.processTicksAndRejections (node:internal/process/task_queues:95:5)\n    at async default (file:///home/container/WhatsApp.js:156:17)"
  },
  {
    "time": "2025-09-15T04:43:01.171Z",
    "user": "ikii",
    "no": "6285659456346@s.whatsapp.net",
    "name": "Error",
    "message": "Gagal mengambil buffer dari URL: Request failed with status code 500",
    "stack": "Error: Gagal mengambil buffer dari URL: Request failed with status code 500\n    at getBuffer (file:///home/container/lib/fetchBuffer.js:37:11)\n    at process.processTicksAndRejections (node:internal/process/task_queues:95:5)\n    at async default (file:///home/container/WhatsApp.js:156:17)"
  },
  {
    "time": "2025-09-15T07:06:38.657Z",
    "user": "kevin🤪",
    "no": "6285669410805@s.whatsapp.net",
    "name": "Error",
    "message": "Gagal mengambil buffer dari URL: Request failed with status code 404",
    "stack": "Error: Gagal mengambil buffer dari URL: Request failed with status code 404\n    at getBuffer (file:///home/container/lib/fetchBuffer.js:37:11)\n    at process.processTicksAndRejections (node:internal/process/task_queues:95:5)\n    at async default (file:///home/container/WhatsApp.js:156:17)"
  },
  {
    "time": "2025-09-15T12:02:03.711Z",
    "user": ".",
    "no": "6281515978369@s.whatsapp.net",
    "name": "Error",
    "message": "Gagal mengambil buffer dari URL: Request failed with status code 404",
    "stack": "Error: Gagal mengambil buffer dari URL: Request failed with status code 404\n    at getBuffer (file:///home/container/lib/fetchBuffer.js:37:11)\n    at process.processTicksAndRejections (node:internal/process/task_queues:95:5)\n    at async default (file:///home/container/WhatsApp.js:156:17)"
  },
  {
    "time": "2025-09-15T12:02:30.558Z",
    "user": "raa",
    "no": "62881025488614@s.whatsapp.net",
    "name": "Error",
    "message": "Gagal mengambil buffer dari URL: Request failed with status code 404",
    "stack": "Error: Gagal mengambil buffer dari URL: Request failed with status code 404\n    at getBuffer (file:///home/container/lib/fetchBuffer.js:37:11)\n    at process.processTicksAndRejections (node:internal/process/task_queues:95:5)\n    at async default (file:///home/container/WhatsApp.js:156:17)"
  },
  {
    "time": "2025-09-15T14:02:58.054Z",
    "user": "alci",
    "no": "6283830317516@s.whatsapp.net",
    "name": "Error",
    "message": "Gagal mengambil buffer dari URL: Request failed with status code 500",
    "stack": "Error: Gagal mengambil buffer dari URL: Request failed with status code 500\n    at getBuffer (file:///home/container/lib/fetchBuffer.js:37:11)\n    at process.processTicksAndRejections (node:internal/process/task_queues:95:5)\n    at async default (file:///home/container/WhatsApp.js:156:17)"
  },
  {
    "time": "2025-09-15T14:04:39.769Z",
    "user": "arbi",
    "no": "6282113095088@s.whatsapp.net",
    "name": "Error",
    "message": "Gagal mengambil buffer dari URL: Request failed with status code 500",
    "stack": "Error: Gagal mengambil buffer dari URL: Request failed with status code 500\n    at getBuffer (file:///home/container/lib/fetchBuffer.js:37:11)\n    at process.processTicksAndRejections (node:internal/process/task_queues:95:5)\n    at async default (file:///home/container/WhatsApp.js:161:17)"
  },
  {
    "time": "2025-09-15T14:06:01.778Z",
    "user": "k'",
    "no": "6281938877736@s.whatsapp.net",
    "name": "Error",
    "message": "Gagal mengambil buffer dari URL: Request failed with status code 500",
    "stack": "Error: Gagal mengambil buffer dari URL: Request failed with status code 500\n    at getBuffer (file:///home/container/lib/fetchBuffer.js:37:11)\n    at process.processTicksAndRejections (node:internal/process/task_queues:95:5)\n    at async default (file:///home/container/WhatsApp.js:156:17)"
  },
  {
    "time": "2025-09-15T14:37:58.725Z",
    "user": "ditss.",
    "no": "6281513607731@s.whatsapp.net",
    "name": "ReferenceError",
    "message": "getRandom is not defined",
    "stack": "ReferenceError: getRandom is not defined\n    at default (file:///home/container/WhatsApp.js:1266:13)\n    at process.processTicksAndRejections (node:internal/process/task_queues:95:5)"
  },
  {
    "time": "2025-09-19T08:16:42.250Z",
    "user": "a",
    "no": "6285714217354@s.whatsapp.net",
    "name": "Error",
    "message": "Connection Closed",
    "stack": "Error: Connection Closed\n    at sendRawMessage (/home/container/node_modules/@whiskeysockets/baileys/lib/Socket/socket.js:57:19)\n    at sendNode (/home/container/node_modules/@whiskeysockets/baileys/lib/Socket/socket.js:76:16)\n    at query (/home/container/node_modules/@whiskeysockets/baileys/lib/Socket/socket.js:142:13)\n    at Object.executeUSyncQuery (/home/container/node_modules/@whiskeysockets/baileys/lib/Socket/usync.js:62:30)\n    at getUSyncDevices (/home/container/node_modules/@whiskeysockets/baileys/lib/Socket/messages-send.js:148:35)\n    at /home/container/node_modules/@whiskeysockets/baileys/lib/Socket/messages-send.js:413:57\n    at Object.transaction (/home/container/node_modules/@whiskeysockets/baileys/lib/Utils/auth-utils.js:135:32)\n    at relayMessage (/home/container/node_modules/@whiskeysockets/baileys/lib/Socket/messages-send.js:297:30)\n    at Object.sendMessage (/home/container/node_modules/@whiskeysockets/baileys/lib/Socket/messages-send.js:861:23)\n    at async default (file:///home/container/WhatsApp.js:2254:9)"
  },
  {
    "time": "2025-09-20T06:33:04.355Z",
    "user": "𝙴𝚗𝚐𝚒𝚗𝚎𝚎𝚛𝚒𝚗𝚐?",
    "no": "62895401499606@s.whatsapp.net",
    "name": "Error",
    "message": "Connection Closed",
    "stack": "Error: Connection Closed\n    at sendRawMessage (/home/container/node_modules/@whiskeysockets/baileys/lib/Socket/socket.js:57:19)\n    at sendNode (/home/container/node_modules/@whiskeysockets/baileys/lib/Socket/socket.js:76:16)\n    at query (/home/container/node_modules/@whiskeysockets/baileys/lib/Socket/socket.js:142:13)\n    at Object.groupQuery (/home/container/node_modules/@whiskeysockets/baileys/lib/Socket/groups.js:12:55)\n    at Object.sendMessage (/home/container/node_modules/@whiskeysockets/baileys/lib/Socket/messages-send.js:694:47)\n    at m.reply (file:///home/container/lib/myfunction.js:148:18)\n    at default (file:///home/container/WhatsApp.js:2254:17)\n    at process.processTicksAndRejections (node:internal/process/task_queues:95:5)"
  },
  {
    "time": "2025-09-21T06:58:49.017Z",
    "user": "𝜗𝜚",
    "no": "628388096457@s.whatsapp.net",
    "name": "Error",
    "message": "Gagal mengambil buffer dari URL: Request failed with status code 500",
    "stack": "Error: Gagal mengambil buffer dari URL: Request failed with status code 500\n    at getBuffer (file:///home/container/lib/fetchBuffer.js:37:11)\n    at process.processTicksAndRejections (node:internal/process/task_queues:95:5)\n    at async default (file:///home/container/WhatsApp.js:161:17)"
  },
  {
    "time": "2025-09-21T06:58:50.901Z",
    "user": "𝜗𝜚",
    "no": "628388096457@s.whatsapp.net",
    "name": "Error",
    "message": "Gagal mengambil buffer dari URL: Request failed with status code 500",
    "stack": "Error: Gagal mengambil buffer dari URL: Request failed with status code 500\n    at getBuffer (file:///home/container/lib/fetchBuffer.js:37:11)\n    at process.processTicksAndRejections (node:internal/process/task_queues:95:5)\n    at async default (file:///home/container/WhatsApp.js:161:17)"
  },
  {
    "time": "2025-09-21T06:59:05.677Z",
    "user": "wilnjut",
    "no": "6285951336760@s.whatsapp.net",
    "name": "Error",
    "message": "Gagal mengambil buffer dari URL: Request failed with status code 500",
    "stack": "Error: Gagal mengambil buffer dari URL: Request failed with status code 500\n    at getBuffer (file:///home/container/lib/fetchBuffer.js:37:11)\n    at process.processTicksAndRejections (node:internal/process/task_queues:95:5)\n    at async default (file:///home/container/WhatsApp.js:161:17)"
  }
]