{
  "id": "6281513607731@s.whatsapp.net",
  "name": "Unknown",
  "joinDate": "2025-09-13T18:02:31.820Z",
  "vip": true,
  "ban": false,
  "register": false,
  "limit": 579,
  "money": 1000,
  "lastclaim": 0,
  "lastbegal": 0,
  "lastrampok": 0,
  "premium": true,
  "afkTime": -1,
  "afkReason": "",
  "jid": "",
  "saldo": 1150,
  "rank": 127,
  "tebakgame_win": 2,
  "tebakkalimat_win": 1,
  "tebakkata_win": 1,
  "glimit": 100,
  "pornwarn": 0,
  "nsfwCooldown": 1758137166639,
  "lastClaim": 1759625235843,
  "pc": 1759729734270
}